<?xml version="1.0" encoding="UTF-8"?><idempiere Name="AD_PrintFont" Version="1.0.0" idempiereVersion="7.1.0.latest" DataBaseVersion="2019-11-22" Description="" Author="SuperUser" AuthorEmail="superuser @ idempiere.com" CreatedDate="Fri Jul 24 19:25:19 CST 2020" UpdatedDate="Fri Jul 24 19:25:19 CST 2020" PackOutVersion="100" UpdateDictionary="true" Client="0-SYSTEM-System" AD_Client_UU="11237b53-9592-4af1-b3c5-afd216514b5d">
    <AD_PrintFont type="table">
        <AD_Client_ID>0</AD_Client_ID>
        <AD_Org_ID>0</AD_Org_ID>
        <Name>WenQuanYi Zen Hei-ITALIC-12</Name>
        <IsActive>Y</IsActive>
        <Code>WenQuanYi Zen Hei-ITALIC-12</Code>
        <IsDefault>N</IsDefault>
        <AD_PrintFont_UU>d87fdc4f-eb5c-4ad4-95d2-163fc3abba3f</AD_PrintFont_UU>
    </AD_PrintFont>
    <AD_PrintFont type="table">
        <AD_Client_ID>0</AD_Client_ID>
        <AD_Org_ID>0</AD_Org_ID>
        <Name>Source Han Sans SC-PLAIN-12</Name>
        <IsActive>Y</IsActive>
        <Code>Source Han Sans SC-PLAIN-12</Code>
        <IsDefault>N</IsDefault>
        <AD_PrintFont_UU>c0315788-1eeb-4dd9-8740-aca8aae39825</AD_PrintFont_UU>
    </AD_PrintFont>
    <AD_PrintFont type="table">
        <AD_Client_ID>0</AD_Client_ID>
        <AD_Org_ID>0</AD_Org_ID>
        <Name>Source Han Sans SC-BOLD-12</Name>
        <IsActive>Y</IsActive>
        <Code>Source Han Sans SC-BOLD-12</Code>
        <IsDefault>N</IsDefault>
        <AD_PrintFont_UU>2d977c2d-6fff-4d79-b061-746df54c876c</AD_PrintFont_UU>
    </AD_PrintFont>
    <AD_PrintFont type="table">
        <AD_Client_ID>0</AD_Client_ID>
        <AD_Org_ID>0</AD_Org_ID>
        <Name>Source Han Sans SC-ITALIC-12</Name>
        <IsActive>Y</IsActive>
        <Code>Source Han Sans SC-ITALIC-12</Code>
        <IsDefault>N</IsDefault>
        <AD_PrintFont_UU>bf950df9-18a0-4554-a976-9751b386ae00</AD_PrintFont_UU>
    </AD_PrintFont>
    <AD_PrintFont type="table">
        <AD_Client_ID>0</AD_Client_ID>
        <AD_Org_ID>0</AD_Org_ID>
        <Name>Sarasa Gothic SC-PLAIN-12</Name>
        <IsActive>Y</IsActive>
        <Code>Sarasa Gothic SC-PLAIN-12</Code>
        <IsDefault>N</IsDefault>
        <AD_PrintFont_UU>8416456d-613c-4a36-ae9d-5e2749818e91</AD_PrintFont_UU>
    </AD_PrintFont>
    <AD_PrintFont type="table">
        <AD_Client_ID>0</AD_Client_ID>
        <AD_Org_ID>0</AD_Org_ID>
        <Name>Sarasa Gothic SC-BOLD-12</Name>
        <IsActive>Y</IsActive>
        <Code>Sarasa Gothic SC-BOLD-12</Code>
        <IsDefault>N</IsDefault>
        <AD_PrintFont_UU>e98fa24a-84d3-427b-99fb-f88cbdd759d5</AD_PrintFont_UU>
    </AD_PrintFont>
    <AD_PrintFont type="table">
        <AD_Client_ID>0</AD_Client_ID>
        <AD_Org_ID>0</AD_Org_ID>
        <Name>Sarasa Gothic SC-ITALIC-12</Name>
        <IsActive>Y</IsActive>
        <Code>Sarasa Gothic SC-ITALIC-12</Code>
        <IsDefault>N</IsDefault>
        <AD_PrintFont_UU>1da29840-9727-43f5-ad02-1793bc7c21ce</AD_PrintFont_UU>
    </AD_PrintFont>
    <AD_PrintFont type="table">
        <AD_Client_ID>0</AD_Client_ID>
        <AD_Org_ID>0</AD_Org_ID>
        <Name>WenQuanYi Zen Hei-PLAIN-12</Name>
        <IsActive>Y</IsActive>
        <Code>WenQuanYi Zen Hei-PLAIN-12</Code>
        <IsDefault>N</IsDefault>
        <AD_PrintFont_UU>06b1de60-25e4-48d5-979f-1822e9d155e2</AD_PrintFont_UU>
    </AD_PrintFont>
    <AD_PrintFont type="table">
        <AD_Client_ID>0</AD_Client_ID>
        <AD_Org_ID>0</AD_Org_ID>
        <Name>WenQuanYi Zen Hei-BOLD-12</Name>
        <IsActive>Y</IsActive>
        <Code>WenQuanYi Zen Hei-BOLD-12</Code>
        <IsDefault>N</IsDefault>
        <AD_PrintFont_UU>c1696086-13a0-4b19-a55f-7cd7efa03416</AD_PrintFont_UU>
    </AD_PrintFont>
</idempiere>
